Date	Assy Code	Description	Qty Released	Released By	Note
06/05/2026	92YLS00548BAA	R5B LASER ASSEMBLY 4P BOAT 1 - E2A	1		Rep 1
06/05/2026	92YLS00548BBA	R5B LASER ASSEMBLY 4P BOAT 2/3 - E2A	2		Rep 1
20/04/2026	91YAF03404AAA	R5B PSB SUB ASSEMBLY 4P-4FP	3		Rep 1
14/05/2026	92YFD04548BAA	R5B OPF ASSEMBLY (4P-4FP) BOAT 1 - E2A	1		Rep 1
14/05/2026	92YFD04548BBA	R5B OPF ASSEMBLY (4P-4FP) BOAT 2/3 - E2A	2		Rep 1
06/05/2026	92YWS04548AAA	R5B 4FP POB LUMENTUM SUB ASSEMBLY - E2A	3		Rep 1
03/06/2026	92RRA00548AAA	R5B ERBIUM SPOOL ASSEMBLY - E2A	24		Rep 1
23/05/2026	92YRA01548AAA	R5B ERBIUM ASSEMBLY POSITION 1	3		Rep 1
04/06/2026	92YRA02548AAA	R5B ERBIUM ASSEMBLY POSITION 2	3		Rep 1
23/05/2026	92YRA03548AAA	R5B ERBIUM ASSEMBLY POSITION 3	3		Rep 1
23/05/2026	92YRA04548AAA	R5B ERBIUM ASSEMBLY POSITION 4	3		Rep 1
14/05/2026	92UAP04548BAA	R5B BOAT 1 ASSY (4P-4FP)	1		Rep 1
18/05/2026	92UAP04548BBA	R5B BOAT 2 ASSY (4P-4FP)	1		Rep 1
16/05/2026	92UAP04548BCA	R5B BOAT 3 ASSY (4P-4FP)	1		Rep 1
18/05/2026	92YLS00548BAA	R5B LASER ASSEMBLY 4P BOAT 1 - E2A	1		Rep 2
19/05/2026	92YLS00548BBA	R5B LASER ASSEMBLY 4P BOAT 2/3 - E2A	2		Rep 2
18/05/2026	91YAF03404AAA	R5B PSB SUB ASSEMBLY 4P-4FP	3		Rep 2
21/05/2026	92YFD04548BAA	R5B OPF ASSEMBLY (4P-4FP) BOAT 1 - E2A	1		Rep 2
21/05/2026	92YFD04548BBA	R5B OPF ASSEMBLY (4P-4FP) BOAT 2/3 - E2A	2		Rep 2
20/05/2026	92YWS04548AAA	R5B 4FP POB LUMENTUM SUB ASSEMBLY - E2A	3		Rep 2
07/06/2026	92RRA00548AAA	R5B ERBIUM SPOOL ASSEMBLY - E2A	24		Rep 2
03/06/2026	92YRA01548AAA	R5B ERBIUM ASSEMBLY POSITION 1	3		Rep 2
05/06/2026	92YRA02548AAA	R5B ERBIUM ASSEMBLY POSITION 2	3		Rep 2
03/06/2026	92YRA03548AAA	R5B ERBIUM ASSEMBLY POSITION 3	3		Rep 2
03/06/2026	92YRA04548AAA	R5B ERBIUM ASSEMBLY POSITION 4	3		Rep 2
28/05/2026	92UAP04548BAA	R5B BOAT 1 ASSY (4P-4FP)	1		Rep 2
28/05/2026	92UAP04548BBA	R5B BOAT 2 ASSY (4P-4FP)	1		Rep 2
28/05/2026	92UAP04548BCA	R5B BOAT 3 ASSY (4P-4FP)	1		Rep 2
28/05/2026	92YLS00548BAA	R5B LASER ASSEMBLY 4P BOAT 1 - E2A	1		Rep 3
29/05/2026	92YLS00548BBA	R5B LASER ASSEMBLY 4P BOAT 2/3 - E2A	2		Rep 3
28/05/2026	91YAF03404AAA	R5B PSB SUB ASSEMBLY 4P-4FP	3		Rep 3
09/06/2026	92YFD04548BAA	R5B OPF ASSEMBLY (4P-4FP) BOAT 1 - E2A	1		Rep 3
09/06/2026	92YFD04548BBA	R5B OPF ASSEMBLY (4P-4FP) BOAT 2/3 - E2A	2		Rep 3
09/06/2026	92YWS04548AAA	R5B 4FP POB LUMENTUM SUB ASSEMBLY - E2A	3		Rep 3
20/07/2026	92RRA00548AAA	R5B ERBIUM SPOOL ASSEMBLY - E2A	24		Rep 3
23/07/2026	92YRA01548AAA	R5B ERBIUM ASSEMBLY POSITION 1	3		Rep 3
23/07/2026	92YRA02548AAA	R5B ERBIUM ASSEMBLY POSITION 2	3		Rep 3
23/07/2026	92YRA03548AAA	R5B ERBIUM ASSEMBLY POSITION 3	3		Rep 3
23/07/2026	92YRA04548AAA	R5B ERBIUM ASSEMBLY POSITION 4	3		Rep 3
17/06/2026	92UAP04548BAA	R5B BOAT 1 ASSY (4P-4FP)	1		Rep 3
17/06/2026	92UAP04548BBA	R5B BOAT 2 ASSY (4P-4FP)	1		Rep 3
17/06/2026	92UAP04548BCA	R5B BOAT 3 ASSY (4P-4FP)	1		Rep 3
28/07/2026	92YLS00548BAA	R5B LASER ASSEMBLY 4P BOAT 1 - E2A	1		Rep 4
28/07/2026	92YLS00548BBA	R5B LASER ASSEMBLY 4P BOAT 2/3 - E2A	2		Rep 4
15/06/2026	91YAF03404AAA	R5B PSB SUB ASSEMBLY 4P-4FP	3		Rep 4
31/07/2026	92YFD04548BAA	R5B OPF ASSEMBLY (4P-4FP) BOAT 1 - E2A	1		Rep 4
31/07/2026	92YFD04548BBA	R5B OPF ASSEMBLY (4P-4FP) BOAT 2/3 - E2A	2		Rep 4
21/07/2026	92YWS04548AAA	R5B 4FP POB LUMENTUM SUB ASSEMBLY - E2A	3		Rep 4
04/08/2026	92RRA00548AAA	R5B ERBIUM SPOOL ASSEMBLY - E2A	24		Rep 4
07/08/2026	92YRA01548AAA	R5B ERBIUM ASSEMBLY POSITION 1	3		Rep 4
07/08/2026	92YRA02548AAA	R5B ERBIUM ASSEMBLY POSITION 2	3		Rep 4
29/07/2026	92YRA03548AAA	R5B ERBIUM ASSEMBLY POSITION 3	3		Rep 4
07/08/2026	92YRA04548AAA	R5B ERBIUM ASSEMBLY POSITION 4	3		Rep 4
08/08/2026	92UAP04548BAA	R5B BOAT 1 ASSY (4P-4FP)	1		Rep 4
08/08/2026	92UAP04548BBA	R5B BOAT 2 ASSY (4P-4FP)	1		Rep 4
08/08/2026	92UAP04548BCA	R5B BOAT 3 ASSY (4P-4FP)	1		Rep 4
04/08/2026	92YLS00548BAA	R5B LASER ASSEMBLY 4P BOAT 1 - E2A	1		Rep 5
09/08/2026	92YLS00548BBA	R5B LASER ASSEMBLY 4P BOAT 2/3 - E2A	2		Rep 5
22/07/2026	91YAF03404AAA	R5B PSB SUB ASSEMBLY 4P-4FP	3		Rep 5
04/08/2026	92YFD04548BAA	R5B OPF ASSEMBLY (4P-4FP) BOAT 1 - E2A	1		Rep 5
10/08/2026	92YFD04548BBA	R5B OPF ASSEMBLY (4P-4FP) BOAT 2/3 - E2A	2		Rep 5
10/08/2026	92YWS04548AAA	R5B 4FP POB LUMENTUM SUB ASSEMBLY - E2A	3		Rep 5
12/08/2026	92RRA00548AAA	R5B ERBIUM SPOOL ASSEMBLY - E2A	24		Rep 5
12/08/2026	92YRA01548AAA	R5B ERBIUM ASSEMBLY POSITION 1	3		Rep 5
12/08/2026	92YRA02548AAA	R5B ERBIUM ASSEMBLY POSITION 2	3		Rep 5
12/08/2026	92YRA03548AAA	R5B ERBIUM ASSEMBLY POSITION 3	3		Rep 5
12/08/2026	92YRA04548AAA	R5B ERBIUM ASSEMBLY POSITION 4	3		Rep 5
18/08/2026	92UAP04548BAA	R5B BOAT 1 ASSY (4P-4FP)	1		Rep 5
18/08/2026	92UAP04548BBA	R5B BOAT 2 ASSY (4P-4FP)	1		Rep 5
18/08/2026	92UAP04548BCA	R5B BOAT 3 ASSY (4P-4FP)	1		Rep 5
09/08/2026	92YLS00548BAA	R5B LASER ASSEMBLY 4P BOAT 1 - E2A	1		Rep 6
17/08/2026	92YLS00548BBA	R5B LASER ASSEMBLY 4P BOAT 2/3 - E2A	2		Rep 6
09/08/2026	91YAF03404AAA	R5B PSB SUB ASSEMBLY 4P-4FP	3		Rep 6
10/08/2026	92YFD04548BAA	R5B OPF ASSEMBLY (4P-4FP) BOAT 1 - E2A	1		Rep 6
22/08/2026	92YFD04548BBA	R5B OPF ASSEMBLY (4P-4FP) BOAT 2/3 - E2A	2		Rep 6
22/08/2026	92YWS04548AAA	R5B 4FP POB LUMENTUM SUB ASSEMBLY - E2A	3		Rep 6
22/08/2026	92RRA00548AAA	R5B ERBIUM SPOOL ASSEMBLY - E2A	24		Rep 6
27/08/2026	92YRA01548AAA	R5B ERBIUM ASSEMBLY POSITION 1	3		Rep 6
27/08/2026	92YRA02548AAA	R5B ERBIUM ASSEMBLY POSITION 2	3		Rep 6
27/08/2026	92YRA03548AAA	R5B ERBIUM ASSEMBLY POSITION 3	3		Rep 6
27/08/2026	92YRA04548AAA	R5B ERBIUM ASSEMBLY POSITION 4	3		Rep 6
29/08/2026	92UAP04548BAA	R5B BOAT 1 ASSY (4P-4FP)	1		Rep 6
29/08/2026	92UAP04548BBA	R5B BOAT 2 ASSY (4P-4FP)	1		Rep 6
29/08/2026	92UAP04548BCA	R5B BOAT 3 ASSY (4P-4FP)	1		Rep 6
17/08/2026	92YLS00548BAA	R5B LASER ASSEMBLY 4P BOAT 1 - E2A	1		Rep 7
01/09/2026	92YLS00548BBA	R5B LASER ASSEMBLY 4P BOAT 2/3 - E2A	2		Rep 7
19/08/2026	91YAF03404AAA	R5B PSB SUB ASSEMBLY 4P-4FP	3		Rep 7
22/08/2026	92YFD04548BAA	R5B OPF ASSEMBLY (4P-4FP) BOAT 1 - E2A	1		Rep 7
01/09/2026	92YFD04548BBA	R5B OPF ASSEMBLY (4P-4FP) BOAT 2/3 - E2A	2		Rep 7
04/09/2026	92YWS04548AAA	R5B 4FP POB LUMENTUM SUB ASSEMBLY - E2A	3		Rep 7
07/09/2026	92RRA00548AAA	R5B ERBIUM SPOOL ASSEMBLY - E2A	24		Rep 7
04/09/2026	92YRA01548AAA	R5B ERBIUM ASSEMBLY POSITION 1	3		Rep 7
04/09/2026	92YRA02548AAA	R5B ERBIUM ASSEMBLY POSITION 2	3		Rep 7
04/09/2026	92YRA03548AAA	R5B ERBIUM ASSEMBLY POSITION 3	3		Rep 7
04/09/2026	92YRA04548AAA	R5B ERBIUM ASSEMBLY POSITION 4	3		Rep 7
05/09/2026	92UAP04548BAA	R5B BOAT 1 ASSY (4P-4FP)	1		Rep 7
05/09/2026	92UAP04548BBA	R5B BOAT 2 ASSY (4P-4FP)	1		Rep 7
05/09/2026	92UAP04548BCA	R5B BOAT 3 ASSY (4P-4FP)	1		Rep 7
01/09/2026	92YLS00548BAA	R5B LASER ASSEMBLY 4P BOAT 1 - E2A	1		Rep 8
11/09/2026	92YLS00548BBA	R5B LASER ASSEMBLY 4P BOAT 2/3 - E2A	2		Rep 8
25/08/2026	91YAF03404AAA	R5B PSB SUB ASSEMBLY 4P-4FP	3		Rep 8
01/09/2026	92YFD04548BAA	R5B OPF ASSEMBLY (4P-4FP) BOAT 1 - E2A	1		Rep 8
13/09/2026	92YFD04548BBA	R5B OPF ASSEMBLY (4P-4FP) BOAT 2/3 - E2A	2		Rep 8
10/09/2026	92YWS04548AAA	R5B 4FP POB LUMENTUM SUB ASSEMBLY - E2A	3		Rep 8
13/09/2026	92RRA00548AAA	R5B ERBIUM SPOOL ASSEMBLY - E2A	24		Rep 8
16/09/2026	92YRA01548AAA	R5B ERBIUM ASSEMBLY POSITION 1	3		Rep 8
16/09/2026	92YRA02548AAA	R5B ERBIUM ASSEMBLY POSITION 2	3		Rep 8
09/09/2026	92YRA03548AAA	R5B ERBIUM ASSEMBLY POSITION 3	3		Rep 8
16/09/2026	92YRA04548AAA	R5B ERBIUM ASSEMBLY POSITION 4	3		Rep 8
16/09/2026	92UAP04548BAA	R5B BOAT 1 ASSY (4P-4FP)	1		Rep 8
16/09/2026	92UAP04548BBA	R5B BOAT 2 ASSY (4P-4FP)	1		Rep 8
16/09/2026	92UAP04548BCA	R5B BOAT 3 ASSY (4P-4FP)	1		Rep 8
11/09/2026	92YLS00548BAA	R5B LASER ASSEMBLY 4P BOAT 1 - E2A	1		Rep 9
21/09/2026	92YLS00548BBA	R5B LASER ASSEMBLY 4P BOAT 2/3 - E2A	2		Rep 9
08/09/2026	91YAF03404AAA	R5B PSB SUB ASSEMBLY 4P-4FP	3		Rep 9
13/09/2026	92YFD04548BAA	R5B OPF ASSEMBLY (4P-4FP) BOAT 1 - E2A	1		Rep 9
22/09/2026	92YFD04548BBA	R5B OPF ASSEMBLY (4P-4FP) BOAT 2/3 - E2A	2		Rep 9
22/09/2026	92YWS04548AAA	R5B 4FP POB LUMENTUM SUB ASSEMBLY - E2A	3		Rep 9
28/09/2026	92RRA00548AAA	R5B ERBIUM SPOOL ASSEMBLY - E2A	24		Rep 9
28/09/2026	92YRA01548AAA	R5B ERBIUM ASSEMBLY POSITION 1	3		Rep 9
28/09/2026	92YRA02548AAA	R5B ERBIUM ASSEMBLY POSITION 2	3		Rep 9
16/09/2026	92YRA03548AAA	R5B ERBIUM ASSEMBLY POSITION 3	3		Rep 9
28/09/2026	92YRA04548AAA	R5B ERBIUM ASSEMBLY POSITION 4	3		Rep 9
29/09/2026	92UAP04548BAA	R5B BOAT 1 ASSY (4P-4FP)	1		Rep 9
29/09/2026	92UAP04548BBA	R5B BOAT 2 ASSY (4P-4FP)	1		Rep 9
29/09/2026	92UAP04548BCA	R5B BOAT 3 ASSY (4P-4FP)	1		Rep 9
21/09/2026	92YLS00548BAA	R5B LASER ASSEMBLY 4P BOAT 1 - E2A	1		Rep 10
01/10/2026	92YLS00548BBA	R5B LASER ASSEMBLY 4P BOAT 2/3 - E2A	2		Rep 10
08/09/2026	91YAF03404AAA	R5B PSB SUB ASSEMBLY 4P-4FP	3		Rep 10
22/09/2026	92YFD04548BAA	R5B OPF ASSEMBLY (4P-4FP) BOAT 1 - E2A	1		Rep 10
01/10/2026	92YFD04548BBA	R5B OPF ASSEMBLY (4P-4FP) BOAT 2/3 - E2A	2		Rep 10
01/10/2026	92YWS04548AAA	R5B 4FP POB LUMENTUM SUB ASSEMBLY - E2A	3		Rep 10
01/10/2026	92RRA00548AAA	R5B ERBIUM SPOOL ASSEMBLY - E2A	24		Rep 10
01/10/2026	92YRA01548AAA	R5B ERBIUM ASSEMBLY POSITION 1	3		Rep 10
01/10/2026	92YRA02548AAA	R5B ERBIUM ASSEMBLY POSITION 2	3		Rep 10
28/09/2026	92YRA03548AAA	R5B ERBIUM ASSEMBLY POSITION 3	3		Rep 10
01/10/2026	92YRA04548AAA	R5B ERBIUM ASSEMBLY POSITION 4	3		Rep 10
01/10/2026	92UAP04548BAA	R5B BOAT 1 ASSY (4P-4FP)	1		Rep 10
01/10/2026	92UAP04548BBA	R5B BOAT 2 ASSY (4P-4FP)	1		Rep 10
01/10/2026	92UAP04548BCA	R5B BOAT 3 ASSY (4P-4FP)	1		Rep 10
01/10/2026	92YLS00548BAA	R5B LASER ASSEMBLY 4P BOAT 1 - E2A	1		Rep 11
01/10/2026	92YLS00548BBA	R5B LASER ASSEMBLY 4P BOAT 2/3 - E2A	2		Rep 11
08/09/2026	91YAF03404AAA	R5B PSB SUB ASSEMBLY 4P-4FP	3		Rep 11
01/10/2026	92YFD04548BAA	R5B OPF ASSEMBLY (4P-4FP) BOAT 1 - E2A	1		Rep 11
01/10/2026	92YFD04548BBA	R5B OPF ASSEMBLY (4P-4FP) BOAT 2/3 - E2A	2		Rep 11
01/10/2026	92YWS04548AAA	R5B 4FP POB LUMENTUM SUB ASSEMBLY - E2A	3		Rep 11
01/10/2026	92RRA00548AAA	R5B ERBIUM SPOOL ASSEMBLY - E2A	24		Rep 11
01/10/2026	92YRA01548AAA	R5B ERBIUM ASSEMBLY POSITION 1	3		Rep 11
01/10/2026	92YRA02548AAA	R5B ERBIUM ASSEMBLY POSITION 2	3		Rep 11
01/10/2026	92YRA03548AAA	R5B ERBIUM ASSEMBLY POSITION 3	3		Rep 11
01/10/2026	92YRA04548AAA	R5B ERBIUM ASSEMBLY POSITION 4	3		Rep 11
01/10/2026	92UAP04548BAA	R5B BOAT 1 ASSY (4P-4FP)	1		Rep 11
01/10/2026	92UAP04548BBA	R5B BOAT 2 ASSY (4P-4FP)	1		Rep 11
01/10/2026	92UAP04548BCA	R5B BOAT 3 ASSY (4P-4FP)	1		Rep 11
01/10/2026	92YLS00548BAA	R5B LASER ASSEMBLY 4P BOAT 1 - E2A	1		Rep 12
02/10/2026	92YLS00548BBA	R5B LASER ASSEMBLY 4P BOAT 2/3 - E2A	2		Rep 12
11/09/2026	91YAF03404AAA	R5B PSB SUB ASSEMBLY 4P-4FP	3		Rep 12
01/10/2026	92YFD04548BAA	R5B OPF ASSEMBLY (4P-4FP) BOAT 1 - E2A	1		Rep 12
02/10/2026	92YFD04548BBA	R5B OPF ASSEMBLY (4P-4FP) BOAT 2/3 - E2A	2		Rep 12
02/10/2026	92YWS04548AAA	R5B 4FP POB LUMENTUM SUB ASSEMBLY - E2A	3		Rep 12
02/10/2026	92RRA00548AAA	R5B ERBIUM SPOOL ASSEMBLY - E2A	24		Rep 12
02/10/2026	92YRA01548AAA	R5B ERBIUM ASSEMBLY POSITION 1	3		Rep 12
02/10/2026	92YRA02548AAA	R5B ERBIUM ASSEMBLY POSITION 2	3		Rep 12
01/10/2026	92YRA03548AAA	R5B ERBIUM ASSEMBLY POSITION 3	3		Rep 12
02/10/2026	92YRA04548AAA	R5B ERBIUM ASSEMBLY POSITION 4	3		Rep 12
02/10/2026	92UAP04548BAA	R5B BOAT 1 ASSY (4P-4FP)	1		Rep 12
02/10/2026	92UAP04548BBA	R5B BOAT 2 ASSY (4P-4FP)	1		Rep 12
02/10/2026	92UAP04548BCA	R5B BOAT 3 ASSY (4P-4FP)	1		Rep 12
02/10/2026	92YLS00548BAA	R5B LASER ASSEMBLY 4P BOAT 1 - E2A	1		Rep 13
02/10/2026	92YLS00548BBA	R5B LASER ASSEMBLY 4P BOAT 2/3 - E2A	2		Rep 13
11/09/2026	91YAF03404AAA	R5B PSB SUB ASSEMBLY 4P-4FP	3		Rep 13
02/10/2026	92YFD04548BAA	R5B OPF ASSEMBLY (4P-4FP) BOAT 1 - E2A	1		Rep 13
02/10/2026	92YFD04548BBA	R5B OPF ASSEMBLY (4P-4FP) BOAT 2/3 - E2A	2		Rep 13
02/10/2026	92YWS04548AAA	R5B 4FP POB LUMENTUM SUB ASSEMBLY - E2A	3		Rep 13
02/10/2026	92RRA00548AAA	R5B ERBIUM SPOOL ASSEMBLY - E2A	24		Rep 13
02/10/2026	92YRA01548AAA	R5B ERBIUM ASSEMBLY POSITION 1	3		Rep 13
02/10/2026	92YRA02548AAA	R5B ERBIUM ASSEMBLY POSITION 2	3		Rep 13
02/10/2026	92YRA03548AAA	R5B ERBIUM ASSEMBLY POSITION 3	3		Rep 13
02/10/2026	92YRA04548AAA	R5B ERBIUM ASSEMBLY POSITION 4	3		Rep 13
02/10/2026	92UAP04548BAA	R5B BOAT 1 ASSY (4P-4FP)	1		Rep 13
02/10/2026	92UAP04548BBA	R5B BOAT 2 ASSY (4P-4FP)	1		Rep 13
02/10/2026	92UAP04548BCA	R5B BOAT 3 ASSY (4P-4FP)	1		Rep 13
